video,content,resolution,bitrate
M1_scooby_doo_res=360_bitrate=0.8.avi,M1_scooby_doo,360,0.8
F6_ingredients_res=1080_bitrate=0.8.avi,F6_ingredients,1080,0.8
M9_bowler_domates_res=1080_bitrate=2.avi,M9_bowler_domates,1080,2
M1_scooby_doo_res=1080_bitrate=2.avi,M1_scooby_doo,1080,2
M9_bowler_domates_res=360_bitrate=0.8.avi,M9_bowler_domates,360,0.8
F10_no_she_is_not_deaf_res=720_bitrate=2.avi,F10_no_she_is_not_deaf,720,2
F7_here_and_there_res=720_bitrate=2.avi,F7_here_and_there,720,2
M1_scooby_doo_res=720_bitrate=0.8.avi,M1_scooby_doo,720,0.8
F6_ingredients_res=360_bitrate=0.8.avi,F6_ingredients,360,0.8
M9_bowler_domates_res=720_bitrate=0.8.avi,M9_bowler_domates,720,0.8
F7_let_me_think_res=360_bitrate=0.8.avi,F7_let_me_think,360,0.8
F12_from_boise_idaho_res=720_bitrate=2.avi,F12_from_boise_idaho,720,2
F6_layer_after_layer_res=720_bitrate=0.8.avi,F6_layer_after_layer,720,0.8
F6_ingredients_res=480_bitrate=0.25.avi,F6_ingredients,480,0.25
F10_no_she_is_not_deaf_res=360_bitrate=0.8.avi,F10_no_she_is_not_deaf,360,0.8
F6_ingredients_res=720_bitrate=2.avi,F6_ingredients,720,2
F8_delicious_Maine_Lobster_res=480_bitrate=0.8.avi,F8_delicious_Maine_Lobster,480,0.8
M3_died_at_32_res=480_bitrate=0.8.avi,M3_died_at_32,480,0.8
F12_from_boise_idaho_res=480_bitrate=0.25.avi,F12_from_boise_idaho,480,0.25
F10_sign_permission_form_res=720_bitrate=0.8.avi,F10_sign_permission_form,720,0.8
F7_let_me_think_res=720_bitrate=0.8.avi,F7_let_me_think,720,0.8
M4_tshirt_says_captain_res=720_bitrate=0.25.avi,M4_tshirt_says_captain,720,0.25
F7_here_and_there_res=1080_bitrate=0.8.avi,F7_here_and_there,1080,0.8
F6_layer_after_layer_res=480_bitrate=2.avi,F6_layer_after_layer,480,2
M3_died_at_32_res=1080_bitrate=0.8.avi,M3_died_at_32,1080,0.8
F7_here_and_there_res=1080_bitrate=2.avi,F7_here_and_there,1080,2
M3_died_at_32_res=720_bitrate=0.8.avi,M3_died_at_32,720,0.8
M4_tshirt_says_captain_res=1080_bitrate=2.avi,M4_tshirt_says_captain,1080,2
F10_sign_permission_form_res=720_bitrate=2.avi,F10_sign_permission_form,720,2
F12_from_boise_idaho_res=480_bitrate=0.8.avi,F12_from_boise_idaho,480,0.8
F3_wican_versus_religion_res=720_bitrate=0.8.avi,F3_wican_versus_religion,720,0.8
F7_how_do_I_put_this_res=480_bitrate=0.25.avi,F7_how_do_I_put_this,480,0.25
F8_delicious_Maine_Lobster_res=480_bitrate=2.avi,F8_delicious_Maine_Lobster,480,2
M4_tshirt_says_captain_res=480_bitrate=2.avi,M4_tshirt_says_captain,480,2
F6_layer_after_layer_res=480_bitrate=0.25.avi,F6_layer_after_layer,480,0.25
F10_no_she_is_not_deaf_res=720_bitrate=0.8.avi,F10_no_she_is_not_deaf,720,0.8
F6_layer_after_layer_res=720_bitrate=2.avi,F6_layer_after_layer,720,2
F6_the_way_it_bubbles_res=480_bitrate=2.avi,F6_the_way_it_bubbles,480,2
F7_let_me_think_res=720_bitrate=0.25.avi,F7_let_me_think,720,0.25
M1_scooby_doo_res=480_bitrate=2.avi,M1_scooby_doo,480,2
F10_sign_permission_form_res=480_bitrate=2.avi,F10_sign_permission_form,480,2
M4_tshirt_says_captain_res=480_bitrate=0.25.avi,M4_tshirt_says_captain,480,0.25
F7_here_and_there_res=720_bitrate=0.8.avi,F7_here_and_there,720,0.8
M4_tshirt_says_captain_res=1080_bitrate=reference.avi,M4_tshirt_says_captain,1080,reference
F3_wican_versus_religion_res=1080_bitrate=reference.avi,F3_wican_versus_religion,1080,reference
F8_delicious_Maine_Lobster_res=1080_bitrate=reference.avi,F8_delicious_Maine_Lobster,1080,reference
F3_wican_versus_religion_res=480_bitrate=2.avi,F3_wican_versus_religion,480,2
F6_ingredients_res=720_bitrate=0.25.avi,F6_ingredients,720,0.25
F10_sign_permission_form_res=1080_bitrate=reference.avi,F10_sign_permission_form,1080,reference
F8_delicious_Maine_Lobster_res=1080_bitrate=2.avi,F8_delicious_Maine_Lobster,1080,2
F7_let_me_think_res=480_bitrate=2.avi,F7_let_me_think,480,2
M9_bowler_domates_res=480_bitrate=0.8.avi,M9_bowler_domates,480,0.8
F7_let_me_think_res=720_bitrate=2.avi,F7_let_me_think,720,2
M1_scooby_doo_res=1080_bitrate=reference.avi,M1_scooby_doo,1080,reference
F12_from_boise_idaho_res=480_bitrate=2.avi,F12_from_boise_idaho,480,2
F7_here_and_there_res=360_bitrate=0.8.avi,F7_here_and_there,360,0.8
M4_tshirt_says_captain_res=480_bitrate=0.8.avi,M4_tshirt_says_captain,480,0.8
F3_wican_versus_religion_res=480_bitrate=0.25.avi,F3_wican_versus_religion,480,0.25
F7_here_and_there_res=480_bitrate=2.avi,F7_here_and_there,480,2
M9_bowler_domates_res=480_bitrate=2.avi,M9_bowler_domates,480,2
F12_from_boise_idaho_res=720_bitrate=0.25.avi,F12_from_boise_idaho,720,0.25
M3_died_at_32_res=480_bitrate=2.avi,M3_died_at_32,480,2
F6_ingredients_res=1080_bitrate=2.avi,F6_ingredients,1080,2
M4_tshirt_says_captain_res=360_bitrate=0.8.avi,M4_tshirt_says_captain,360,0.8
F7_let_me_think_res=480_bitrate=0.25.avi,F7_let_me_think,480,0.25
F10_sign_permission_form_res=720_bitrate=0.25.avi,F10_sign_permission_form,720,0.25
F6_the_way_it_bubbles_res=480_bitrate=0.8.avi,F6_the_way_it_bubbles,480,0.8
F7_let_me_think_res=480_bitrate=0.8.avi,F7_let_me_think,480,0.8
M3_died_at_32_res=480_bitrate=0.25.avi,M3_died_at_32,480,0.25
F6_layer_after_layer_res=1080_bitrate=2.avi,F6_layer_after_layer,1080,2
F10_sign_permission_form_res=360_bitrate=0.8.avi,F10_sign_permission_form,360,0.8
F3_wican_versus_religion_res=360_bitrate=0.8.avi,F3_wican_versus_religion,360,0.8
M3_died_at_32_res=1080_bitrate=reference.avi,M3_died_at_32,1080,reference
F12_from_boise_idaho_res=1080_bitrate=reference.avi,F12_from_boise_idaho,1080,reference
M9_bowler_domates_res=480_bitrate=0.25.avi,M9_bowler_domates,480,0.25
M4_tshirt_says_captain_res=720_bitrate=2.avi,M4_tshirt_says_captain,720,2
F7_how_do_I_put_this_res=720_bitrate=0.8.avi,F7_how_do_I_put_this,720,0.8
F12_from_boise_idaho_res=720_bitrate=0.8.avi,F12_from_boise_idaho,720,0.8
M1_scooby_doo_res=480_bitrate=0.25.avi,M1_scooby_doo,480,0.25
F10_no_she_is_not_deaf_res=480_bitrate=0.25.avi,F10_no_she_is_not_deaf,480,0.25
M1_scooby_doo_res=480_bitrate=0.8.avi,M1_scooby_doo,480,0.8
F10_no_she_is_not_deaf_res=1080_bitrate=2.avi,F10_no_she_is_not_deaf,1080,2
F10_sign_permission_form_res=1080_bitrate=2.avi,F10_sign_permission_form,1080,2
F6_the_way_it_bubbles_res=720_bitrate=2.avi,F6_the_way_it_bubbles,720,2
F10_no_she_is_not_deaf_res=1080_bitrate=reference.avi,F10_no_she_is_not_deaf,1080,reference
F6_the_way_it_bubbles_res=1080_bitrate=reference.avi,F6_the_way_it_bubbles,1080,reference
F7_how_do_I_put_this_res=720_bitrate=2.avi,F7_how_do_I_put_this,720,2
F7_how_do_I_put_this_res=1080_bitrate=reference.avi,F7_how_do_I_put_this,1080,reference
F8_delicious_Maine_Lobster_res=360_bitrate=0.8.avi,F8_delicious_Maine_Lobster,360,0.8
F7_how_do_I_put_this_res=720_bitrate=0.25.avi,F7_how_do_I_put_this,720,0.25
M3_died_at_32_res=1080_bitrate=2.avi,M3_died_at_32,1080,2
F10_sign_permission_form_res=1080_bitrate=0.8.avi,F10_sign_permission_form,1080,0.8
F6_ingredients_res=1080_bitrate=reference.avi,F6_ingredients,1080,reference
F8_delicious_Maine_Lobster_res=1080_bitrate=0.8.avi,F8_delicious_Maine_Lobster,1080,0.8
M4_tshirt_says_captain_res=720_bitrate=0.8.avi,M4_tshirt_says_captain,720,0.8
F6_ingredients_res=480_bitrate=2.avi,F6_ingredients,480,2
F10_sign_permission_form_res=480_bitrate=0.25.avi,F10_sign_permission_form,480,0.25
M9_bowler_domates_res=1080_bitrate=0.8.avi,M9_bowler_domates,1080,0.8
M3_died_at_32_res=720_bitrate=0.25.avi,M3_died_at_32,720,0.25
F3_wican_versus_religion_res=1080_bitrate=2.avi,F3_wican_versus_religion,1080,2
F8_delicious_Maine_Lobster_res=720_bitrate=2.avi,F8_delicious_Maine_Lobster,720,2
M3_died_at_32_res=720_bitrate=2.avi,M3_died_at_32,720,2
F8_delicious_Maine_Lobster_res=720_bitrate=0.25.avi,F8_delicious_Maine_Lobster,720,0.25
M1_scooby_doo_res=720_bitrate=2.avi,M1_scooby_doo,720,2
F7_here_and_there_res=480_bitrate=0.25.avi,F7_here_and_there,480,0.25
F7_let_me_think_res=1080_bitrate=2.avi,F7_let_me_think,1080,2
F10_no_she_is_not_deaf_res=480_bitrate=2.avi,F10_no_she_is_not_deaf,480,2
F12_from_boise_idaho_res=1080_bitrate=0.8.avi,F12_from_boise_idaho,1080,0.8
F6_layer_after_layer_res=720_bitrate=0.25.avi,F6_layer_after_layer,720,0.25
F6_ingredients_res=480_bitrate=0.8.avi,F6_ingredients,480,0.8
F6_layer_after_layer_res=1080_bitrate=0.8.avi,F6_layer_after_layer,1080,0.8
F3_wican_versus_religion_res=1080_bitrate=0.8.avi,F3_wican_versus_religion,1080,0.8
F7_how_do_I_put_this_res=1080_bitrate=2.avi,F7_how_do_I_put_this,1080,2
M3_died_at_32_res=360_bitrate=0.8.avi,M3_died_at_32,360,0.8
F3_wican_versus_religion_res=720_bitrate=0.25.avi,F3_wican_versus_religion,720,0.25
F8_delicious_Maine_Lobster_res=720_bitrate=0.8.avi,F8_delicious_Maine_Lobster,720,0.8
F10_no_she_is_not_deaf_res=480_bitrate=0.8.avi,F10_no_she_is_not_deaf,480,0.8
F7_here_and_there_res=1080_bitrate=reference.avi,F7_here_and_there,1080,reference
F10_no_she_is_not_deaf_res=720_bitrate=0.25.avi,F10_no_she_is_not_deaf,720,0.25
F7_how_do_I_put_this_res=480_bitrate=2.avi,F7_how_do_I_put_this,480,2
M1_scooby_doo_res=1080_bitrate=0.8.avi,M1_scooby_doo,1080,0.8
F10_sign_permission_form_res=480_bitrate=0.8.avi,F10_sign_permission_form,480,0.8
F6_the_way_it_bubbles_res=360_bitrate=0.8.avi,F6_the_way_it_bubbles,360,0.8
F7_let_me_think_res=1080_bitrate=0.8.avi,F7_let_me_think,1080,0.8
M9_bowler_domates_res=1080_bitrate=reference.avi,M9_bowler_domates,1080,reference
F8_delicious_Maine_Lobster_res=480_bitrate=0.25.avi,F8_delicious_Maine_Lobster,480,0.25
F12_from_boise_idaho_res=360_bitrate=0.8.avi,F12_from_boise_idaho,360,0.8
F6_layer_after_layer_res=1080_bitrate=reference.avi,F6_layer_after_layer,1080,reference
M4_tshirt_says_captain_res=1080_bitrate=0.8.avi,M4_tshirt_says_captain,1080,0.8
F3_wican_versus_religion_res=480_bitrate=0.8.avi,F3_wican_versus_religion,480,0.8
F7_here_and_there_res=720_bitrate=0.25.avi,F7_here_and_there,720,0.25
M9_bowler_domates_res=720_bitrate=0.25.avi,M9_bowler_domates,720,0.25
F7_how_do_I_put_this_res=480_bitrate=0.8.avi,F7_how_do_I_put_this,480,0.8
F6_the_way_it_bubbles_res=480_bitrate=0.25.avi,F6_the_way_it_bubbles,480,0.25
F7_how_do_I_put_this_res=360_bitrate=0.8.avi,F7_how_do_I_put_this,360,0.8
F6_the_way_it_bubbles_res=720_bitrate=0.8.avi,F6_the_way_it_bubbles,720,0.8
F12_from_boise_idaho_res=1080_bitrate=2.avi,F12_from_boise_idaho,1080,2
F7_let_me_think_res=1080_bitrate=reference.avi,F7_let_me_think,1080,reference
F10_no_she_is_not_deaf_res=1080_bitrate=0.8.avi,F10_no_she_is_not_deaf,1080,0.8
F6_the_way_it_bubbles_res=1080_bitrate=0.8.avi,F6_the_way_it_bubbles,1080,0.8
F3_wican_versus_religion_res=720_bitrate=2.avi,F3_wican_versus_religion,720,2
F7_here_and_there_res=480_bitrate=0.8.avi,F7_here_and_there,480,0.8
F7_how_do_I_put_this_res=1080_bitrate=0.8.avi,F7_how_do_I_put_this,1080,0.8
F6_layer_after_layer_res=480_bitrate=0.8.avi,F6_layer_after_layer,480,0.8
M1_scooby_doo_res=720_bitrate=0.25.avi,M1_scooby_doo,720,0.25
F6_the_way_it_bubbles_res=1080_bitrate=2.avi,F6_the_way_it_bubbles,1080,2
M9_bowler_domates_res=720_bitrate=2.avi,M9_bowler_domates,720,2
F6_the_way_it_bubbles_res=720_bitrate=0.25.avi,F6_the_way_it_bubbles,720,0.25
F6_ingredients_res=720_bitrate=0.8.avi,F6_ingredients,720,0.8
F6_layer_after_layer_res=360_bitrate=0.8.avi,F6_layer_after_layer,360,0.8
